{
  "auc": 0.773167973725829,
  "precision": 0.4720423778693349,
  "recall": 0.6043707611152976,
  "f1": 0.5300727032385988,
  "accuracy": 0.763,
  "confusion_matrix": [
    [
      3776,
      897
    ],
    [
      525,
      802
    ]
  ],
  "cv_auc_5fold": 0.7801590489744747
}